url,clicks,impressions,ctr,position,title,title_len,suggested_title,meta_description,meta_len,suggested_meta,content_recommendations,h1,h2s,word_count,images_missing_alt,canonical,flags,error
https://evidentscientific.com/en/life-science-microscopes/software,176,16621,1.06,18.34,Microscope Software | Evident | Olympus,39,,Evident Scientific microscope imaging software and confluency checker software allow you to discover more. Find out more here.,126,,,Microscope Software,"Microscope Software, Microscope Software Resource Videos, cellSens Software Deep Learning: Preparing Training Data, Macro to Micro Imaging, Related Applications",717,6,https://evidentscientific.com/en/life-science-microscopes/software,OK,
https://evidentscientific.com/en/clinical-microscopes/slide-scanners,151,19469,0.78,18.92,Digital Pathology Slide Scanners | Evident | Olympus,52,Slide Scanners for Digital Pathology | Evident Scientific,"Explore our comprehensive portfolio of digital pathology slide scanners with automation, AI-ready workflows, and renowned optics.",129,"Discover Evident slide scanners with high-throughput automation, AI-ready workflows, and Olympus optics. Compare models to find your ideal solution.","['Add a side-by-side comparison table of all slide scanner models with key specs (scan speed, capacity, resolution, supported slide types, AI compatibility) so users can quickly evaluate options without leaving the page.', 'Create a dedicated section on whole slide imaging (WSI) with technical details—this is a high-volume related query that users searching for slide scanners expect to see addressed, and it can capture additional long-tail traffic.', 'Add customer case studies or application spotlights showing real-world digital pathology workflows (e.g., frozen section scanning, IHC quantification, telepathology) to demonstrate practical value and increase dwell time.', ""Include a 'How to Choose a Slide Scanner' buyer's guide section addressing throughput needs, integration with LIS/LIMS, regulatory considerations (FDA clearance, CE-IVD), and total cost of ownership—this matches informational intent and builds topical authority."", ""Optimize the FAQ section with structured data markup and expand it to cover high-impression queries like 'what is a digital pathology slide scanner,' 'slide scanner vs. microscope,' and 'AI in digital pathology,' which can earn featured snippets and improve CTR from SERPs.""]",Digital Pathology Slide Scanners,"Supported Systems, Digital Pathology Slide Scanner Applications, Which EVIDENT Slide Scanner Is Right for You?, Digital Pathology Slide Scanner Resources, Digital Pathology Slide Scanner FAQs, Explore Related Solutions",1272,10,https://evidentscientific.com/en/clinical-microscopes/slide-scanners,Low CTR,
https://evidentscientific.com/en/clinical-microscopes/inverted,10,4383,0.23,26.77,Clinical Inverted Microscopes | Evident | Olympus,49,,Explore Clinical Inverted Microscopes from Evident Scientific such as the CX53 and the SpinSR today.,100,,,Clinical Inverted Microscopes,"Clinical Inverted Microscopes, Related Applications, Clinical Inverted Microscope FAQs, Clinical Inverted Microscope Resource Videos",859,7,https://evidentscientific.com/en/clinical-microscopes/inverted,OK,
https://evidentscientific.com/en/digital-cameras,284,27671,1.03,18.88,Microscope Digital Cameras | Olympus,36,Microscope Digital Cameras | Evident Scientific,Explore color and monochrome microscope digital cameras designed for a range of observation methods and applications today.,123,"Discover high-resolution color and monochrome microscope cameras for fluorescence, live cell, and routine imaging. Compare models to find your ideal fit.","['Add detailed comparison table of all available camera models showing key specs: sensor type, resolution, frame rate, cooling, sensitivity, and compatible observation methods (brightfield, fluorescence, confocal, etc.)', ""Create dedicated sections for camera categories (e.g., 'High-Sensitivity Cameras for Fluorescence,' 'High-Speed Cameras for Live Cell Imaging,' 'Routine Documentation Cameras') with use-case descriptions and sample images captured by each model"", 'Include a camera selection guide or interactive tool that helps users choose based on their application, microscope compatibility, and budget requirements', 'Add application-focused content blocks with real sample images showing output quality across different microscopy techniques — this directly addresses what researchers evaluate when comparing cameras', ""Include a section on software integration, explaining how each camera works with Evident's cellSens or PRECiV imaging software, including supported features like stitching, deconvolution, and live measurement""]",Digital Cameras,,127,0,https://evidentscientific.com/en/digital-cameras,Thin Content,
https://evidentscientific.com/en/digital-cameras/color,87,12909,0.67,19.76,Color Cameras for Digital Microscopes | Evident | Olympus,57,Digital Microscope Color Cameras | Evident Scientific,Expand your vision in life sciences with the leading-edge digital microscope color camera range from Evident Scientific. Find out more here.,140,"Explore Evident's digital microscope color cameras for life science imaging. Compare models, specs, and find the right camera for your application.","['Add a comparison table of all color camera models with key specs (resolution, sensor type, frame rate, cooling, interface) so users can quickly evaluate options without clicking into each product page.', ""Create a 'How to Choose a Digital Microscope Color Camera' guide section that helps users match camera specs to common applications (fluorescence, brightfield, pathology, live cell imaging), as this targets informational queries driving the high impressions."", 'Include sample images captured with each camera model across different specimen types and magnifications — users searching for color cameras want to see real output quality before committing.', 'Add a section addressing CCD vs. CMOS sensor technology for microscopy color cameras, explaining trade-offs in sensitivity, speed, and noise — this is a high-intent informational topic that competitors rank for.', 'Incorporate structured data (Product schema) for each camera listed on the page to improve rich snippet eligibility in search results and boost CTR from the SERP.']",Color Cameras for Digital Microscopes,"Digital Microscope Color Cameras, Digital Microscope Camera FAQs, Digital Microscope Color Camera Resources",1513,7,https://evidentscientific.com/en/digital-cameras/color,Low CTR,
https://evidentscientific.com/en/life-science-microscopes/super-resolution,49,15532,0.32,11.8,Super Resolution Microscopes | Evident | Olympus,48,Super Resolution Microscopes | Evident Scientific,"To reveal greater detail inside your samples with clearer and sharper images, browse our range of super resolution microscopes. Find yours today.",145,Explore super resolution microscope systems that break the diffraction limit for nanoscale imaging. Compare our solutions and find the right fit for your lab.,"['Add a technical comparison table of super resolution techniques (STED, SIM, PALM/STORM, SMLM) with resolution limits, speed, and ideal applications so researchers can quickly evaluate which approach fits their work.', ""Include a section explaining how Evident's super resolution systems compare to confocal and widefield microscopy, with sample images showing the resolution difference — this addresses a common search intent for users evaluating whether they need super resolution."", 'Add real-world application examples with images from specific fields (neuroscience, cell biology, virology) showing what structures and phenomena can be resolved, which builds topical authority and matches long-tail queries.', ""Create an interactive or static buyer's guide section that helps users choose between super resolution platforms based on criteria like live-cell compatibility, multicolor capability, throughput, and budget — this improves dwell time and addresses decision-stage intent."", ""Add structured FAQ schema markup to the existing FAQ section and expand it with questions researchers actually search, such as 'What is the resolution limit of super resolution microscopy?' and 'Super resolution vs confocal — which is better?' to capture featured snippets and People Also Ask placements.""]",Super-Resolution Microscopes,"Super-Resolution Microscope Systems, Super-Resolution Microscopy Resources, Super-Resolution Microscopy FAQs",575,4,https://evidentscientific.com/en/life-science-microscopes/super-resolution,Low CTR,
https://evidentscientific.com/en/life-science-microscopes/stereo,497,84008,0.59,11.55,Stereo Dissecting Microscopes | Olympus,39,Stereo Dissecting Microscopes | Evident Scientific,"The Evident Scientific life science stereo microscopes range enables precise 3D observation, digital imaging, and analysis with high optical quality, and sample dissection with comfortable operation in combination with a variety of ergonomic accessories. Find out more here.",274,Explore stereo microscopes for precise 3D observation and dissection. High optical quality with ergonomic design. View the full range.,"['Add a comparison table of stereo vs. micro zoom microscope models with key specs (magnification range, working distance, optical system type) to help users quickly evaluate options and reduce bounce rate.', 'Create a dedicated section explaining when to choose a stereo microscope vs. a compound microscope, targeting informational queries and capturing top-of-funnel traffic that currently bypasses this page.', ""Include real-world application spotlights with images — e.g., entomology dissection, botanical sample prep, quality inspection — showing the microscopes in use, which improves dwell time and targets long-tail queries like 'best microscope for dissection.'"", ""Add a 'How to Choose a Stereo Microscope' buyer's guide section covering key decision factors (zoom range, illumination type, camera compatibility, ergonomic accessories) to match search intent for users in the research phase."", ""Remove the outdated 'Olympus' branding still present in the title tag and audit all on-page references for brand consistency with Evident Scientific, as mixed branding can confuse both users and search engines.""]",Stereo Dissecting Microscopes and Micro Zoom Microscopes,"Stereo Microscope, Related Applications, Stereo Microscope FAQs, Stereo Microscope Resources",1012,8,https://evidentscientific.com/en/life-science-microscopes/stereo,Meta Issue | Low CTR,
https://evidentscientific.com/en/life-science-microscopes/spinning-disk-confocal,127,12192,1.04,9.59,Spinning Disk Confocal Microscopes | Evident | Olympus,54,,Explore Life Science Inverted Microscopes from Evident Scientific such as the CX53 and the SpinSR today.,104,,,Spinning Disk Confocal Microscopes,"Spinning Disk Confocal Solutions, Applications of Spinning Disk Confocal Microscopes, Spinning Disk Confocal Resources, Frequently Asked Questions About Spinning Disk Confocal Microscopy, Related Solutions",1923,0,https://evidentscientific.com/en/life-science-microscopes/spinning-disk-confocal,OK,
https://evidentscientific.com/en/life-science-microscopes/inverted,369,62827,0.59,9.13,Inverted Microscopes | Olympus,30,Inverted Microscopes for Life Science | Evident Scientific,Explore Life Science Inverted Microscopes from Evident Scientific such as the CX53 and the SpinSR today.,104,"Discover Evident Scientific inverted microscopes designed for live cell imaging, fluorescence, and advanced research. Explore the IXplore series today.","['Add a comparison table between the IXplore models (IXplore Standard, Spin, SpinSR, TIRF, Live) showing key specs like imaging modalities, resolution, and ideal applications so users can quickly identify the right system for their needs.', 'Remove the incorrect reference to CX53 in the meta description and page content — the CX53 is an upright microscope, not inverted. Audit all product references for accuracy.', ""Add a dedicated section explaining when and why to choose an inverted microscope over an upright one, targeting common informational queries like 'inverted vs upright microscope' which likely drive a significant share of the 62K impressions."", 'Include a concise technical specifications summary for each inverted microscope model on the page (objective options, stage compatibility, camera integration, contrast methods like phase contrast and DIC) to satisfy researchers comparing products.', 'Add use-case spotlights with images — e.g., live cell time-lapse imaging, stem cell research, IVF applications, wound healing assays — to demonstrate real-world relevance and capture long-tail queries from researchers in specific disciplines.']",Inverted Microscopes,"IXplore Inverted Microscope System, Additional Inverted Microscopes, Related Applications, Life Science Inverted Microscope FAQs, Inverted Microscope Resource Videos",1812,16,https://evidentscientific.com/en/life-science-microscopes/inverted,Low CTR,
https://evidentscientific.com/en/material-science-microscopes/digital-cameras,75,13979,0.54,19.7,Digital Cameras for Industrial and Material Science | Evident | Olympus,71,Digital Cameras for Microscopes | Evident Scientific,These digital cameras for Industrial and Material science are exclusively designed by Evident Scientific. Gain access to the best digital imaging performance with Evident cameras and software.,192,Explore Evident Scientific's digital microscope cameras for material science and industrial imaging. Compare models to find the right fit. Browse cameras now.,"['Add a comparison table across all camera models (DP75, LC35, DP28, DP23, DP23M) highlighting resolution, frame rate, sensor type, color depth, and connectivity so users can quickly evaluate options without clicking into each product page.', ""Create a 'How to Choose the Right Microscope Camera' section that guides visitors based on their application (metallography, quality inspection, failure analysis, etc.) — this targets mid-funnel informational queries and improves dwell time."", ""Expand the FAQ section to address high-search-volume questions like 'What resolution do I need for material science imaging?', 'Can I use a digital camera with third-party microscopes?', and 'What is the difference between CCD and CMOS microscope cameras?' to capture featured snippet opportunities."", 'Add real-world sample images captured with each camera model across different material science applications (grain structure, coatings, welds, composites) to demonstrate imaging quality and help users visualize output before purchasing.', ""Include a dedicated section on software integration, specifically explaining how each camera works with Evident's PRECiV and cellSens software for measurement, reporting, and image stitching — this differentiates from competitors and addresses a key buyer concern.""]",Digital Cameras for Industrial and Material Science,"Digital Cameras for Microscopes, DP75 Digital Camera for Microscopes, LC35 Digital Camera for Microscopes, DP28, DP23, DP23M, Related Applications, Digital Camera for Microscope FAQs, Software for Digital Cameras",839,12,https://evidentscientific.com/en/material-science-microscopes/digital-cameras,Title Issue | Meta Issue | Low CTR,
https://evidentscientific.com/en/material-science-microscopes/cleanliness-and-particle-analysis,52,6632,0.78,17.83,Cleanliness and Particle Analysis Microscopes | Evident | Olympus,65,Cleanliness & Particle Analysis Microscopes | Evident,"Streamline component inspection with our cleanliness analysis microscopes. Get accurate, standards-compliant results for automotive, aerospace, and manufacturing QA.",165,Achieve ISO 16232 and VDA 19 compliant cleanliness analysis with Evident microscopes. Explore systems built for automotive and aerospace QA.,"[""Add a dedicated section comparing your systems' compliance with specific standards (ISO 16232, VDA 19, ISO 4406, ISO 4407) — searchers often query by standard name, and this would capture long-tail traffic and answer a key buyer question."", 'Include a visual workflow diagram or step-by-step explanation of the cleanliness inspection process (extraction, filtration, microscopic analysis, reporting) to match the informational intent of users researching this topic for the first time.', 'Add a product comparison table showing key specs (magnification range, automated vs. manual particle counting, software features, supported standards) across your cleanliness inspection system lineup to help users self-qualify and reduce bounce.', 'Create content addressing specific particle types and failure modes — metallic particles, fibers, non-metallic contaminants — and how your systems differentiate and classify them, which aligns with how engineers actually search for solutions to contamination problems.', ""Add brief case studies or quantified results (e.g., 'Reduced inspection time by 40%' or 'Achieved ±2μm particle sizing accuracy') to build credibility and improve CTR by giving concrete outcomes users can reference in purchasing decisions.""]",Cleanliness and Particle Analysis Microscopes,"Cleanliness Inspection Systems, Cleanliness Analysis Applications, Cleanliness Inspection Best Practices, Additional Resources for Cleanliness Inspection, Cleanliness Analysis Microscope FAQs, Related Categories",2153,21,https://evidentscientific.com/en/material-science-microscopes/cleanliness-and-particle-analysis,Title Issue | Meta Issue | Low CTR,
https://evidentscientific.com/en/material-science-microscopes/digital,250,56033,0.45,13.46,Digital Microscopes | Evident | Olympus,39,Digital Microscopes for Industry & Research | Evident,"Evident digital microscopes combine high-resolution imaging, ergonomic viewing, and AI-driven software for real-time inspection, quality control, and research.",159,"Explore Evident digital microscopes with high-resolution imaging and AI-driven analysis for inspection, quality control, and research. Find your solution.","['Add a prominent comparison table showing key specs (magnification, resolution, sensor type, software) across your digital microscope models so users can quickly differentiate products — this is what most searchers comparing digital microscopes expect to find.', ""Create a dedicated 'Digital vs. Optical Microscopes' section explaining when and why a digital microscope is the better choice, targeting common informational queries that drive top-of-funnel traffic."", 'Include an interactive or visual buying guide that helps users select the right digital microscope based on their application (e.g., electronics inspection, failure analysis, metallography, quality assurance) — this improves dwell time and matches high-intent search behavior.', 'Add short embedded video demos or 360° product views showing the live imaging workflow and AI-assisted measurement features in action; this differentiates the page from competitors and can earn featured snippet or video carousel placement.', ""Expand the FAQ section with specific long-tail queries like 'What magnification do I need for PCB inspection?', 'Can digital microscopes measure surface roughness?', and 'How do digital microscopes connect to reporting software?' — these align with real search queries visible in GSC and can capture position-zero results.""]",Digital Microscopes,"Industrial Digital Microscopes, Life Science Digital Microscopes, Digital Microscope Applications and Industries, Digital Microscope Insights, Digital Microscope Application Notes, Digital Microscope FAQs",1798,11,https://evidentscientific.com/en/material-science-microscopes/digital,Meta Issue | Low CTR,
https://evidentscientific.com/en/material-science-microscopes/3d-optical-profilometers,56,88838,0.06,12.09,3D Optical Profilometers | Evident | Olympus,44,3D Optical Profilometers | Surface Metrology | Evident,"Evident 3D optical profilometers deliver high-precision surface measurements for R&D and QA/QC. Inspect coatings, electronics, and transparent materials with traceable accuracy.",177,Evident 3D optical profilometers deliver nanometer-level surface measurements for R&D and QA/QC. Compare systems and find the right fit for your application.,"['Add a dedicated section comparing optical profilometry vs. stylus profilometry vs. confocal vs. interferometry with a clear specs table (vertical resolution, scan speed, sample limitations) — this directly targets comparison-intent queries and matches existing H2 content that likely needs more depth.', 'Include specific technical specifications (Z-resolution, measurement range, scan area, data acquisition speed) for each profilometer system in a scannable comparison table format to satisfy mid-funnel buyers evaluating products.', ""Create content addressing 'optical profilometer vs contact profilometer' and 'white light interferometer vs optical profilometer' since these are high-volume comparison queries that could capture users currently landing on competitor pages."", 'Add 2–3 brief application case studies with real measurement images (e.g., semiconductor wafer roughness, coating thickness on medical devices, MEMS surface inspection) showing before/after data or specific Ra/Sa values — this builds trust and targets long-tail application-specific searches.', ""Expand the FAQ section with schema-marked questions targeting featured snippets: 'What is the accuracy of a 3D optical profilometer?', 'What surface roughness parameters can optical profilometers measure?', and 'How much does a 3D optical profilometer cost?' to capture informational queries and improve SERP visibility.""]",3D Optical Profilometers for Surface Metrology,"Surface Data You Can Trust. Accuracy We Can Prove., 3D Optical Profilometer Systems, 3D Optical Profilometer Applications and Industries, Comparison of Surface Metrology Techniques, Why Choose EVIDENT 3D Optical Profilometers, How Do Optical Profilometers Work?, 3D Optical Profilometers FAQs, 3D Optical Profilometer Resources, Related Categories",1660,13,https://evidentscientific.com/en/material-science-microscopes/3d-optical-profilometers,Meta Issue | Low CTR,
https://evidentscientific.com/en/material-science-microscopes/semiconductor-inspection,62,14529,0.43,17.7,Semiconductor Wafer Inspection Microscopes | Evident | Olympus,62,Semiconductor Wafer Inspection Microscopes | Evident,"Explore our versatile Semiconductor Wafer Inspection microscopes such as our BXFM, BXC, and BXFM-S today.",105,"High-precision semiconductor wafer and flat panel display inspection microscopes from Evident. Explore the BXFM, BXC, and BXFM-S systems today.","['Add a comparison table of the BXFM, BXC, and BXFM-S models highlighting key specs like magnification range, inspection modes (DIC, darkfield, brightfield), wafer size compatibility, and automation capabilities so users can quickly differentiate systems.', 'Create a dedicated section on common semiconductor inspection challenges (e.g., defect detection on patterned wafers, overlay measurement, bump inspection) and explain how each microscope addresses them — this targets long-tail queries and matches user search intent.', 'Include content about supported wafer sizes (200mm, 300mm, 450mm) and flat panel display substrates, as these are critical spec-driven search queries that potential buyers use when evaluating inspection equipment.', 'Add customer application stories or case studies from semiconductor fabs demonstrating throughput improvements, defect detection rates, or yield gains achieved with Evident inspection microscopes — this builds credibility and improves dwell time.', 'Incorporate a section on integration and automation, covering motorized stages, software compatibility (image analysis, reporting), and cleanroom readiness, as engineers evaluating these systems need to understand how they fit into existing fab workflows.']",Semiconductor Wafer & Flat Panel Display Inspection Microscopes,"Semiconductor Wafer Inspection Microscope, Semiconductor & Flat Panel Display Inspection Equipment, Related Applications",628,4,https://evidentscientific.com/en/material-science-microscopes/semiconductor-inspection,Title Issue | Low CTR,
https://evidentscientific.com/en/life-science-microscopes/confocal,147,50782,0.29,13.92,Confocal and Multiphoton Microscopes | Evident | Olympus,56,Confocal Microscopes | Laser Scanning Systems | Evident,"Discover high-performance confocal and multiphoton microscopes by Evident Scientific, designed for precision imaging, advanced 3D analysis, and unparalleled clarity in life science",180,Explore Evident's confocal and multiphoton laser scanning microscopes for high-resolution 3D imaging. Compare systems and find the right fit for your lab.,"['Add a product comparison table directly on the page that contrasts key specs (resolution, scan speed, laser lines, detector types) across your confocal models — this is what researchers compare before requesting a quote and it targets comparison-intent queries.', ""Create a dedicated 'How Confocal Microscopy Works' section with an interactive or annotated diagram explaining the pinhole aperture, optical sectioning, and z-stack acquisition. This targets informational queries driving impressions but not clicks, and positions the page for featured snippets."", 'Add a section covering confocal vs. multiphoton vs. light sheet microscopy with clear guidance on when to choose each modality. Users searching broadly for confocal microscopes often need help differentiating techniques, and this would capture long-tail traffic.', 'Include real sample image galleries organized by application (neuroscience, cell biology, developmental biology, materials science) with acquisition parameters listed. This builds trust, demonstrates capability, and targets image search traffic for application-specific queries.', ""Add structured FAQ schema markup to the existing FAQ section, and expand it to include high-search-volume questions like 'What is the resolution of a confocal microscope?', 'What is the difference between confocal and widefield?', and 'How much does a confocal microscope cost?' to capture People Also Ask placements.""]",Confocal and Multiphoton Laser Scanning Microscopes,"Extraordinary Clarity, Speed, and Reliability, Life Science Confocal Microscopes, 3D Optical Profilometers and Industrial Confocal Microscopes, Life Science Modalities and Specialized Features, Life Science Applications, Materials and Industrial Metrology Applications, Related Categories, Confocal Microscope FAQs, Confocal Resources",3095,13,https://evidentscientific.com/en/life-science-microscopes/confocal,Meta Issue | Low CTR,
https://evidentscientific.com/en/material-science-microscopes/coordinate-measuring,63,12678,0.5,11.05,Digital Measuring Microscopes | Olympus,39,Digital Measuring Microscopes | Evident Scientific,"The digital measuring microscopes from Olympus offer versatility, high reliability, and precision. Discover the range!",118,Achieve precision measurements with Evident Scientific's digital measuring microscopes. Designed for high throughput and reliability. Explore the STM7 series.,"['Add a detailed comparison table of the STM7 vs. STM7-BSW models showing key specs like measurement range, resolution, magnification, stage travel, and software capabilities — this is what buyers actively compare before purchase.', ""Create a section on 'How to Choose a Measuring Microscope' covering selection criteria such as accuracy requirements, sample types, automation needs, and integration with quality management systems. This targets informational queries and builds topical authority."", 'Include measurable performance data and tolerances (e.g., measurement repeatability, accuracy specs per ISO standards) prominently on the page. Users searching for coordinate measuring microscopes expect quantified precision claims, not just general descriptions.', 'Add content addressing the difference between measuring microscopes and other coordinate measurement tools (CMMs, vision systems, profile projectors) to capture comparison search queries and help users validate that a measuring microscope is the right solution for their application.', ""Optimize the H1 and body content to include 'coordinate measuring microscope' as a keyword phrase, since the URL contains 'coordinate-measuring' but the page content focuses on 'digital measuring microscopes' — bridging this mismatch will improve relevance signals for both keyword clusters.""]",Digital Measuring Microscopes,"Industrial Measuring Microscopes, STM7, STM7-BSW, Related Applications, Measuring Microscopes – Precision and High Throughput in Manufacturing, Loop Height Measurement for Wire Bonding, Inspecting Medical Hypodermic Needles Using a Measuring Microscope, Measuring Microscopes FAQ",606,6,https://evidentscientific.com/en/material-science-microscopes/coordinate-measuring,Low CTR,
https://evidentscientific.com/en/material-science-microscopes/industrial-stereo,39,11476,0.34,21.54,Industrial Stereo Microscopes | Evident Scientific,50,Industrial Stereo Microscopes | Evident Scientific,"Explore Evident Scientific’s range of Laser Confocal Microscopes, ideal for research and industrial applications.",113,"Discover industrial stereo microscopes built for inspection, assembly, and quality control. Compare models and find the right fit. Explore our range.","[""Fix the meta description mismatch — the current meta references 'Laser Confocal Microscopes' instead of stereo microscopes, which is likely a major contributor to low CTR since users see irrelevant copy in search results."", 'Add a comparison table of stereo microscope models with key specs (magnification range, working distance, optical system type, illumination options) so users can quickly evaluate which model fits their application.', 'Include a section on common industrial use cases with brief descriptions — e.g., electronics inspection, soldering QC, materials failure analysis, gemology, and manufacturing assembly — to capture long-tail search queries and match user intent.', 'Add content explaining how to choose an industrial stereo microscope, covering selection criteria like zoom range vs. fixed magnification, ergonomic considerations for prolonged use, and compatibility with digital imaging accessories.', 'Include high-quality application images or short videos showing the microscopes in real industrial environments, along with sample images captured through the optics, to demonstrate image quality and build purchase confidence.']",Industrial Stereo Microscopes,"Industrial Stereo Microscopes, Related Applications, Industrial Stereo Microscope FAQs, Stereo Microscope Resources",662,5,https://evidentscientific.com/en/material-science-microscopes/industrial-stereo,Low CTR,
https://evidentscientific.com/en/material-science-microscopes/light,53,32455,0.16,11.12,Light Microscopes | Evident | Olympus,37,Light Microscopes for Material Science | Evident Scientific,"Light microscopes are used for quality control applications and detailed examination of newly developed materials, electronic devices, metals, and chemicals.",157,"Explore Evident's light microscopes for material science — inspect metals, electronics, and chemicals with precision. Compare models and find your solution.","['Add a comparison table of all light microscope models on this page, including key specs like magnification range, observation methods (brightfield, darkfield, DIC, polarization), and ideal use cases — users at position ~11 are likely comparison shopping and this would earn featured snippets.', ""Create a dedicated 'How to Choose a Light Microscope for Material Science' section that walks users through selection criteria such as sample type, required resolution, reflected vs. transmitted light needs, and budget considerations — this addresses mid-funnel search intent and improves dwell time."", ""Add a section covering light microscope observation techniques (brightfield, darkfield, polarized light, DIC, fluorescence) with sample images showing the same material under different methods — this is a high-search-volume subtopic that competitors rank for and it's currently absent from the page."", ""Include a 'Light Microscopes vs. Other Microscopy Methods' section comparing light microscopy to SEM, confocal, and digital microscopy for material science applications, explaining when each is appropriate — this captures users earlier in the research phase and builds topical authority."", ""Expand the FAQ section to address high-intent questions like 'What magnification do I need for metallographic analysis?', 'What is the difference between upright and inverted metallurgical microscopes?', and 'Can light microscopes measure surface roughness?' — these are specific queries with low competition that can drive long-tail traffic and improve CTR through FAQ rich results.""]",Light Microscopes,"Types of Light Microscopes, Metallurgical Microscopes, Inverted Metallurgical Microscopes, Modular Microscopes, Related Applications, Using a Microscope to Inspect the Solder Wettability of Mounting Components, Microscopic Inspection of O2 Sensor Housing Cover, Quantitative Analysis Of Pashmina Wool Using An Industrial Microscope, Compound Light Microscope FAQs, Light Microscope Resources",825,5,https://evidentscientific.com/en/material-science-microscopes/light,Meta Issue | Low CTR,
https://evidentscientific.com/en/material-science-microscopes/metallurgical,65,13556,0.48,8.86,Metallurgical Microscopes | Olympus | Evident,45,Metallurgical Microscopes for Materials Analysis | Evident,"Discover our selection of metallurgical microscopes with advanced features for materials science, metallurgy QA, failure analysis, and research.",144,"Explore Evident's metallurgical microscopes for metallography, grain size analysis, and failure analysis. Compare models to find the right fit for your lab.","['Add a comparison table of the BX53M, GX53, and DSX2000 models showing key specs (magnification range, imaging modes, inverted vs. upright, automation level) so users can quickly evaluate which microscope fits their application without navigating away.', 'Create a dedicated section on common metallographic techniques (brightfield, darkfield, DIC, polarized light) with example images captured on each system, explaining when and why each technique is used in metallurgy — this targets long-tail queries and increases dwell time.', ""Add structured FAQ schema markup to the existing FAQs section and expand it with high-search-intent questions like 'What is the difference between an inverted and upright metallurgical microscope?' and 'How to choose a microscope for metallographic analysis?' to capture featured snippets."", 'Include a section on sample preparation best practices for metallography (mounting, grinding, polishing, etching) since users researching metallurgical microscopes are often evaluating full workflows — this addresses adjacent search intent and positions the page as a comprehensive resource.', 'Add customer application case studies or short testimonials from materials science labs showing real-world results (e.g., weld inspection, inclusion analysis, coating thickness measurement) to build trust and differentiate from competitor product listing pages.']",Metallurgical Microscopes,"Metallurgic Microscopes, BX53M, BX53-P, GX53, DSX2000, Image Analysis for Metallography, Industrial Inspection Software, PRECiV, Stream Enterprise, Metallurgical Microscope Applications, Metallurgical Microscope Resources, Speed Up Your Metallurgical Image Analysis Using This Simple Setup, The Potential of AI-Based Image Analysis in Metallography, Grain Size Analysis in Metals and Alloys, Metallurgical Microscope FAQs",1799,14,https://evidentscientific.com/en/material-science-microscopes/metallurgical,Low CTR,
https://evidentscientific.com/en/material-science-microscopes/image-analysis-software,86,14468,0.59,24.64,Light Microscope Image Analysis Software | Olympus,50,Image Analysis Software for Microscopy | Evident Scientific,"Our microscope image analysis software offers a smooth flow of acquiring images, filtering, measurement, documentation, and archive. Browse our range today.",156,"Streamline microscope image acquisition, measurement, and reporting with Evident Scientific image analysis software. Explore solutions for your application.","['Add a dedicated section comparing software packages (e.g., OLYMPUS Stream vs. PRECiV) with a feature matrix table so users can quickly identify which solution fits their workflow.', 'Include a section on specific material science use cases — grain size analysis, particle counting, inclusion rating, phase analysis, and porosity measurement — with example images and short workflow descriptions.', ""Replace the generic H2 'Digital Cameras' with content that explains camera-software integration and how hardware pairing affects image quality, processing speed, and measurement accuracy."", ""Add a 'Standards Compliance' section listing supported industry standards (ASTM E112, ISO 643, etc.) since materials engineers searching for image analysis software often need to meet specific regulatory or QC requirements."", 'Include short embedded demo videos or interactive before/after image galleries showing software capabilities like filtering, thresholding, and automated measurement to increase dwell time and engagement.']",Image Analysis Software,"Digital Cameras, Related Applications",722,11,https://evidentscientific.com/en/material-science-microscopes/image-analysis-software,Meta Issue | Low CTR,
https://evidentscientific.com/en/life-science-microscopes/slide-scanners,171,72574,0.24,7.92,Microscope Slide Scanners | Olympus,35,Microscope Slide Scanners | Evident Scientific,"Digitizing slide data makes it easy to analyze, share, and archive your results. The SLIDEVIEW™ VS200 research slide scanner enables you to capture high-resolution images of your slides for quantitative analysis, so you can make the most of the information your slides have to offer. The optical system is optimized for scanning slides, enabling you to digitize slides for brain, cancer, and stem cell research, as well as drug discovery.",438,"Digitize slides in high resolution for faster analysis, sharing, and archiving. Explore the SLIDEVIEW VS200 research slide scanner and see how it fits your lab.","['Add a comparison table of slide scanner specifications (scan speed, resolution, slide capacity, supported fluorescence channels) so researchers can quickly evaluate the VS200 against competitors and against their own requirements.', 'Create a dedicated section on whole slide imaging (WSI) workflows — this is a high-search-volume related term that users expect to see addressed, covering file formats, compatibility with image analysis software like QuPath or HALO, and integration with LIMS.', 'Include application-specific use case sections with sample images for key research areas (digital pathology, neuroscience brain mapping, oncology/tumor microenvironment, stem cell colony screening) to match the long-tail queries researchers use and improve dwell time.', 'Add an FAQ section addressing common buyer questions: maximum magnification, z-stack and extended focus capabilities, throughput for batch scanning, supported slide sizes (standard vs. double-width), and software licensing — these map to informational queries that currently bypass the page.', 'Feature customer testimonials or brief case studies from published research that used the VS200, linking to publications where possible. This builds E-E-A-T signals and gives prospective buyers confidence while naturally incorporating relevant long-tail keywords.']",Microscope Slide Scanners,"Research Slide Scanner Solutions, Related Applications",600,3,https://evidentscientific.com/en/life-science-microscopes/slide-scanners,Meta Issue | Low CTR,
https://evidentscientific.com/en/life-science-microscopes/upright,0,1,0.0,2.0,Upright Microscopes | Olympus | Evident,39,,"Flexible, ergonomic, and easy to use, Olympus upright microscopes provide precise operations and efficient imaging for a range of applications.",143,,,Upright Microscopes for Life Science and Clinical Use,"Upright Microscopes, Upright Microscope Resources, Upright Microscope Resource Videos, Related Applications, Related Categories, Upright Microscope FAQs",1079,17,https://evidentscientific.com/en/microscopes/upright,OK,
https://evidentscientific.com/en/digital-cameras/mono,27,3622,0.75,15.62,Monochrome Cameras for Digital Microscopes | Evident | Olympus,62,Monochrome Microscope Cameras | Evident Scientific,Browse our range of Evident Scientific monochrome microscope cameras for all your digital imaging needs.,104,Explore Evident Scientific monochrome cameras for high-sensitivity fluorescence and low-light microscopy imaging. Compare models to find your ideal fit.,"['Add a detailed introductory section explaining why monochrome cameras outperform color cameras for fluorescence, low-light, and quantitative imaging applications — this directly addresses what users searching this term need to understand and resolves the thin content issue.', 'Include a comparison table of all monochrome camera models showing key specs side-by-side: sensor type, resolution, quantum efficiency, frame rate, read noise, and dynamic range. This is exactly what researchers and procurement specialists expect when evaluating cameras.', ""Create a 'How to Choose a Monochrome Microscope Camera' guidance section covering use-case matching (e.g., live-cell imaging vs. fixed-sample fluorescence vs. ratio imaging), helping users self-select the right model and capturing long-tail informational queries."", 'Add application-specific content blocks with sample images captured by each camera — for example, fluorescence micrographs, FRET imaging, calcium ratio imaging, or TIRF — to demonstrate real-world performance and improve dwell time.', ""Include an FAQ section addressing common questions such as 'monochrome vs. color camera for microscopy,' 'what is quantum efficiency,' and 'best camera for fluorescence imaging' to capture featured snippets and related search queries.""]",Monochrome Cameras for Digital Microscopes,Products,255,3,https://evidentscientific.com/en/digital-cameras/mono,Title Issue | Thin Content,
https://evidentscientific.com/en/life-science-microscopes/objectives,295,21955,1.34,7.17,UPLXAPO | Extended Apochromat Objectives | Olympus,50,,"Ideal objectives for acquiring high-res, bright images for brightfield, fluorescence, confocal, and super-resolution microscopy. Learn more!",140,,,UPLXAPO,"Compare Objectives for Your Application, Resources",683,9,https://evidentscientific.com/en/life-science-microscopes/objectives,OK,
https://evidentscientific.com/en/material-science-microscopes/objectives/white-light-interferometry,84,6543,1.28,29.67,White Light Interferometric Objective Lenses | Olympus | Evident,64,White Light Interferometric Objective Lenses | Evident,"Our white light interferometric (WLI) Mirau objective lenses deliver reliable, high-resolution data capture for precise 3D surface measurements.",144,"Mirau WLI objective lenses for precise 3D surface measurements. Achieve high-resolution, repeatable metrology data. Explore specs and configurations.","['Add a dedicated section explaining how white light interferometry works, including a diagram of the Mirau interferometer optical path — users searching this term often need foundational understanding before evaluating objectives', 'Include a comparison table showing key differences between available Mirau objective magnifications (e.g., 5x, 10x, 20x, 50x) with lateral resolution, field of view, working distance, and recommended surface types for each', 'Add application examples with images showing specific surface measurement results (e.g., semiconductor wafer roughness, machined metal surface topography, thin-film step height) to help users match objectives to their use case', 'Create a section addressing common selection criteria: when to choose WLI over confocal or phase-shifting interferometry objectives, including trade-offs in vertical resolution, speed, and surface compatibility', ""Add FAQ schema markup covering questions like 'What is white light interferometry used for?', 'What is a Mirau objective?', and 'What surfaces can WLI measure?' to capture featured snippet and People Also Ask placements""]",White Light Interferometric Objective Lenses,"Setting the Standard in White Light Interferometry, Increase Throughput in High-Precision 3D Metrology, Consistent Optical Performance You Can Rely On, Specifications, Resources",815,0,https://evidentscientific.com/en/material-science-microscopes/objectives/white-light-interferometry,Title Issue,
